{
  "_comment": "Baseline scores for macro placement benchmarks",
  "_baseline_method": "GridPlacer (Placeholder)",
  "_note": "These are temporary placeholder baselines. For the actual competition, these should be replaced with Circuit Training scores from the Kahng paper (arXiv:2302.11014).",
  "_last_updated": "2026-01-03",
  "ariane133": {
    "proxy_cost": 0.20045168782683975,
    "wirelength_cost": 0.2190191196405185,
    "density_cost": 0.3610665202140808,
    "congestion_cost": 0.0027019918122411246,
    "method": "GridPlacer"
  },
  "blackparrot_asap7": {
    "proxy_cost": 0.1111023507686526,
    "wirelength_cost": 0.09301669014281053,
    "density_cost": 0.2419734001159668,
    "congestion_cost": 0.01640262267302257,
    "method": "GridPlacer"
  },
  "mempool_asap7": {
    "proxy_cost": 0.1173099228420387,
    "wirelength_cost": 0.08385172215228386,
    "density_cost": 0.2566835880279541,
    "congestion_cost": 0.04485265903563296,
    "method": "GridPlacer"
  },
  "nvdla_asap7": {
    "proxy_cost": 0.12207997401893575,
    "wirelength_cost": 0.0911216578845284,
    "density_cost": 0.30156242847442627,
    "congestion_cost": 0.00451415183225992,
    "method": "GridPlacer"
  },
  "toy_small": {
    "proxy_cost": 0.17018009912520649,
    "wirelength_cost": 0.1746188833872477,
    "density_cost": 0.3179415166378021,
    "congestion_cost": 0.013541113088528315,
    "method": "GridPlacer"
  },
  "toy_medium": {
    "proxy_cost": 0.206040295930624,
    "wirelength_cost": 0.28280537621561685,
    "density_cost": 0.25589248538017273,
    "congestion_cost": 0.0026579459110895793,
    "method": "GridPlacer"
  }
}
